address,categories/0,categories/1,categoryName,cid,city,countryCode,isAdvertisement,locatedIn,latitude,longitude,menu,neighborhood,permanentlyClosed,phone,placeId,plusCode,postalCode,price,rank,reviewsCount,reviewsDistribution/fiveStar,reviewsDistribution/fourStar,reviewsDistribution/oneStar,reviewsDistribution/threeStar,reviewsDistribution/twoStar,scrapedAt,searchPageUrl,searchString,state,street,subTitle,temporarilyClosed,store_name,totalScore,url,website
"48, Jalan Telawi 5, Malaysia, 59100 Kuala Lumpur, Wilayah Persekutuan Kuala Lumpur, Malaysia",Fast food restaurant,Restaurant,Fast food restaurant,8.18986E+18,Kuala Lumpur,MY,FALSE,,3.1329823,101.6723034,,"48, Jalan Telawi 5",FALSE,+60 3-2284 3790,ChIJ9a-mtqJJzDERqPXc8Sg6qHE,"4MMC+5W Kuala Lumpur, Federal Territory of Kuala Lumpur, Malaysia",59100,$$,7,3462,1663,1047,201,440,111,2022-04-22T06:17:01.651Z,"https://www.google.com/maps/search/McDonald's+in+kl/@3.1409398,101.6235506,12z?hl=en",,Federal Territory of Kuala Lumpur,"48, Jalan Telawi 5",,FALSE,McDonald's Bangsar,4.1,"https://www.google.com/maps/place/McDonald's+Bangsar/@3.1329823,101.6701147,17z/data=!3m1!4b1!4m5!3m4!1s0x31cc49a2b6a6aff5:0x71a83a28f1dcf5a8!8m2!3d3.1329133!4d101.6722948?hl=en",http://www.mcdonalds.com.my/
"Wisma Teck Lee, 38, Jalan Tun Perak, Ground & Mezzanine Floor, 50050 Kuala Lumpur, Malaysia",Fast food restaurant,Restaurant,Fast food restaurant,1.03782E+19,Kuala Lumpur,MY,FALSE,,3.1490492,101.6969146,,"Wisma Teck Lee, 38, Jalan Tun Perak, Ground & Mezzanine Floor",FALSE,+60 3-2026 6899,ChIJVSMpi9JJzDERB057VtKtBpA,"4MXW+JQ Kuala Lumpur, Federal Territory of Kuala Lumpur, Malaysia",50050,$$,6,1362,618,408,71,215,50,2022-04-22T06:17:02.163Z,"https://www.google.com/maps/search/McDonald's+in+kl/@3.1409398,101.6235506,12z?hl=en",,Federal Territory of Kuala Lumpur,"Wisma Teck Lee, 38, Jalan Tun Perak, Ground & Mezzanine Floor",,FALSE,McDonald's Jalan Tun Perak,4.1,"https://www.google.com/maps/place/McDonald's+Jalan+Tun+Perak/@3.1490492,101.6947259,17z/data=!3m1!4b1!4m5!3m4!1s0x31cc49d28b292355:0x9006add2567b4e07!8m2!3d3.1490492!4d101.6969146?hl=en",https://www.mcdonalds.com.my/
"Petronas Petrol Station, Kuala Lumpur-Seremban Expy, Technology Park Malaysia, 50700 Kuala Lumpur, Federal Territory of Kuala Lumpur, Malaysia",Restaurant,Business park,Restaurant,1.57873E+19,Kuala Lumpur,MY,FALSE,[NGV] Petronas - Technology Park Malaysia 1,3.0565947,101.7041153,,"Petronas Petrol Station, Kuala Lumpur-Seremban Expy",FALSE,+60 3-9054 1502,ChIJfRt7Xp5KzDERYWnmwt-bF9s,"3P43+JJ Kuala Lumpur, Federal Territory of Kuala Lumpur, Malaysia",50700,$$,20,3394,1383,993,249,595,174,2022-04-22T06:17:07.680Z,"https://www.google.com/maps/search/McDonald's+in+kl/@3.1409398,101.6235506,12z?hl=en",,Federal Territory of Kuala Lumpur,"Petronas Petrol Station, Kuala Lumpur-Seremban Expy",,FALSE,McDonald's Petronas TPM DT,3.9,"https://www.google.com/maps/place/McDonald's+Petronas+TPM+DT/@3.0565947,101.7019266,17z/data=!3m1!4b1!4m5!3m4!1s0x31cc4a9e5e7b1b7d:0xdb179bdfc2e66961!8m2!3d3.0565988!4d101.7041304?hl=en",https://www.mcdonalds.com.my/
"Leisure Mall, LG-16, Lower Ground Floor, 6, Jln Cheras, Taman Bukit Segar, 56100 Cheras, Federal Territory of Kuala Lumpur, Malaysia",Restaurant,,Restaurant,5.47981E+18,Cheras,MY,FALSE,Cheras LeisureMall,3.0901159,101.7415653,,"Leisure Mall, LG-16, Lower Ground Floor, 6, Jln Cheras",FALSE,+60 3-9132 7577,ChIJk6U_6rc1zDERx_LIMLEzDEw,"3PRR+2J Cheras, Selangor, Malaysia",56100,$$,40,471,209,116,39,74,33,2022-04-22T06:17:13.064Z,"https://www.google.com/maps/search/McDonald's+in+kl/@3.1409351,101.6235505,12z?hl=en",,Federal Territory of Kuala Lumpur,"Leisure Mall, LG-16, Lower Ground Floor, 6, Jln Cheras",,FALSE,McDonald's Leisure Mall Cheras,3.9,"https://www.google.com/maps/place/McDonald's+Leisure+Mall+Cheras/@3.0901159,101.7393766,17z/data=!3m1!4b1!4m5!3m4!1s0x31cc35b7ea3fa593:0x4c0c33b130c8f2c7!8m2!3d3.0901159!4d101.7415653?hl=en",https://www.mcdonalds.com.my/
"Lots F2.43, F2.44, F2.45, Level F2, AEON Wangsa Maju, 6, Jalan 8/27a, Section 5, 53300 Kuala Lumpur, Malaysia",Restaurant,,Restaurant,1.63235E+19,Kuala Lumpur,MY,FALSE,AEON BIG Wangsa Maju,3.1959149,101.7431869,,"Lots F2.43, F2.44, F2.45, Level F2, AEON Wangsa Maju, 6, Jalan 8/27a",FALSE,+60 3-4149 5655,ChIJ89XmPC84zDER_U-HnKfNiOI,"5PWV+97 Kuala Lumpur, Federal Territory of Kuala Lumpur, Malaysia",53300,$$,39,322,140,87,37,45,13,2022-04-22T06:17:16.395Z,"https://www.google.com/maps/search/McDonald's+in+kl/@3.1409351,101.6235505,12z?hl=en",,Federal Territory of Kuala Lumpur,"Lots F2.43, F2.44, F2.45, Level F2, AEON Wangsa Maju, 6, Jalan 8/27a",,FALSE,McDonald's AEON Wangsa Maju,3.9,"https://www.google.com/maps/place/McDonald's+AEON+Wangsa+Maju/@3.1959149,101.7409982,17z/data=!3m1!4b1!4m5!3m4!1s0x31cc382f3ce6d5f3:0xe288cda79c874ffd!8m2!3d3.1959149!4d101.7431869?hl=en",https://www.mcdonalds.com.my/
"Melati Utama, 53100 Kuala Lumpur, Federal Territory of Kuala Lumpur, Malaysia             Melati Utama, 53100 Kuala Lumpur, Wilayah Persekutuan Kuala Lumpur",Fast food restaurant,Food and drink,Fast food restaurant,4.17131E+18,Kuala Lumpur,MY,FALSE,PETRONAS Taman Melati,3.2249971,101.7286707,,,FALSE,+60 3-4147 3107,ChIJaSzQTGc4zDER5Vzo3Qp24zk,"6PFH+XF Kuala Lumpur, Federal Territory of Kuala Lumpur, Malaysia",,$$,38,1576,775,446,119,200,36,2022-04-22T06:17:22.064Z,"https://www.google.com/maps/search/McDonald's+in+kl/@3.1409351,101.6235505,12z?hl=en",,Federal Territory of Kuala Lumpur,,,FALSE,McDonald's Petronas Taman Melati DT,4.1,"https://www.google.com/maps/place/McDonald's+Petronas+Taman+Melati+DT/@3.2249971,101.726482,17z/data=!3m1!4b1!4m5!3m4!1s0x31cc38674cd02c69:0x39e3760adde85ce5!8m2!3d3.2249971!4d101.7286707?hl=en",http://www.mcdonalds.com.my/
"Lot PT 8669, Jln Lingkaran Tengah 2, 53100 Cheras, Federal Territory of Kuala Lumpur, Malaysia",Restaurant,,Restaurant,6.98309E+18,Cheras,MY,FALSE,BHPetrol Taman Desa Melawati,3.2201601,101.7358626,,"Lot PT 8669, Jln Lingkaran Tengah 2",FALSE,+60 3-4162 2318,ChIJT2JEOBQ5zDER12GP6-Ls6GA,"6PCP+38 Kuala Lumpur, Federal Territory of Kuala Lumpur, Malaysia",53100,$$,37,2738,1219,917,97,412,93,2022-04-22T06:17:28.183Z,"https://www.google.com/maps/search/McDonald's+in+kl/@3.1409351,101.6235505,12z?hl=en",,Federal Territory of Kuala Lumpur,"Lot PT 8669, Jln Lingkaran Tengah 2",,FALSE,McDonald's BHP Taman Melawati DT,4.1,"https://www.google.com/maps/place/McDonald's+BHP+Taman+Melawati+DT/@3.2201601,101.7336739,17z/data=!3m1!4b1!4m5!3m4!1s0x31cc39143844624f:0x60e8ece2eb8f61d7!8m2!3d3.2201444!4d101.7358509?hl=en",https://www.mcdonalds.com.my/
"Lot 25747, Lebuh Raya Selayang, Kepong Lebuh Raya, Lingkaran Tengah 2 (MRR 2), 52100 Kepong, Federal Territory of Kuala Lumpur, Malaysia",Restaurant,,Restaurant,3.29471E+18,Kuala Lumpur,MY,FALSE,Petronas MRR2,3.2292482,101.6550821,,"Lot 25747, Lebuh Raya Selayang, Kepong Lebuh Raya, Lingkaran Tengah 2 (MRR 2), 52100 Kepong",FALSE,+60 3-6259 6498,ChIJpaEKjrtHzDERONUBUIoouS0,"6MH4+M2 Kuala Lumpur, Federal Territory of Kuala Lumpur, Malaysia",,$$,36,60,24,18,5,10,3,2022-04-22T06:17:35.750Z,"https://www.google.com/maps/search/McDonald's+in+kl/@3.1409351,101.6235505,12z?hl=en",,Federal Territory of Kuala Lumpur,"Lot 25747, Lebuh Raya Selayang, Kepong Lebuh Raya, Lingkaran Tengah 2 (MRR 2), 52100 Kepong",,FALSE,McDonald's Petronas MRR2 Kepong DT,3.9,"https://www.google.com/maps/place/McDonald's+Petronas+MRR2+Kepong+DT/@3.2292482,101.6528934,17z/data=!3m1!4b1!4m5!3m4!1s0x31cc47bb8e0aa1a5:0x2db9288a5001d538!8m2!3d3.2293061!4d101.6550622?hl=en",https://www.mcdonalds.com.my/
"McDonald's, Bangunan Restoran, Jalan Mewah Utara, 68000 Ampang Jaya, Kuala Lumpur, Malaysia",Restaurant,,Restaurant,1.67236E+19,Ampang Jaya,MY,FALSE,,3.1281168,101.762852,,"McDonald's, Bangunan Restoran, Jalan Mewah Utara",FALSE,+60 3-4295 5046,ChIJHXPOm402zDERcG1b8U8MFug,"4QH7+64 Ampang Jaya, Selangor, Malaysia",68000,$$,52,2886,1285,800,218,461,122,2022-04-22T06:17:43.909Z,"https://www.google.com/maps/search/McDonald's+in+kl/@3.1409351,101.6235505,12z/data=!3m1!4b1?hl=en",,Kuala Lumpur,"McDonald's, Bangunan Restoran, Jalan Mewah Utara",,FALSE,McDonald's Pandan Mewah DT,4,"https://www.google.com/maps/place/McDonald's+Pandan+Mewah+DT/@3.1281168,101.7606633,17z/data=!3m1!4b1!4m5!3m4!1s0x31cc368d9bce731d:0xe8160c4ff15b6d70!8m2!3d3.1281168!4d101.762852?hl=en",https://www.mcdonalds.com.my/
"No. 66, Block Crystal, Jalan 1/19, 46200 Petaling Jaya, Selangor, Malaysia",Restaurant,,Restaurant,1.27166E+19,Petaling Jaya,MY,FALSE,,3.0866362,101.6468715,,"No. 66, Block Crystal, Jalan 1/19",FALSE,+60 3-7783 6755,ChIJIRlStLtLzDERrxOYVbiQerA,"3JPW+MP Petaling Jaya, Selangor, Malaysia",46200,$$,51,1643,605,436,132,342,128,2022-04-22T06:17:51.525Z,"https://www.google.com/maps/search/McDonald's+in+kl/@3.1409351,101.6235505,12z/data=!3m1!4b1?hl=en",,Selangor,"No. 66, Block Crystal, Jalan 1/19",,FALSE,McDonald's PJ Old Town,3.8,"https://www.google.com/maps/place/McDonald's+PJ+Old+Town/@3.0866362,101.6446828,17z/data=!3m1!4b1!4m5!3m4!1s0x31cc4bbbb4521921:0xb07a90b8559813af!8m2!3d3.0866367!4d101.6468658?hl=en",https://www.mcdonalds.com.my/
"Part of Lot 4054, Phase 5A, Jalan Kinrara 6, Bandar Kinrara, 47180 Puchong, Selangor, Malaysia",Restaurant,,Restaurant,1.71446E+19,Puchong,MY,FALSE,Petronas Bandar Kinrara 2 (Masnadi),3.0366149,101.6548005,,"Part of Lot 4054, Phase 5A, Jalan Kinrara 6",FALSE,+60 3-8074 0617,ChIJvYeQm7pLzDERX02xvlXl7e0,"2MP3+JW Puchong, Selangor, Malaysia",47180,$$,50,573,265,132,74,59,43,2022-04-22T06:17:59.923Z,"https://www.google.com/maps/search/McDonald's+in+kl/@3.1409351,101.6235505,12z/data=!3m1!4b1?hl=en",,Selangor,"Part of Lot 4054, Phase 5A, Jalan Kinrara 6",,FALSE,McDonald’s Petronas Bandar Kinrara DT,3.8,"https://www.google.com/maps/place/McDonald%E2%80%99s+Petronas+Bandar+Kinrara+DT/@3.0366149,101.6526118,17z/data=!3m1!4b1!4m5!3m4!1s0x31cc4bba9b9087bd:0xedede555beb14d5f!8m2!3d3.0366149!4d101.655082?hl=en",https://www.mcdonalds.com.my/
"Lot PT21552 & PT21553, Mukim, Persiaran Perdana, Bandar Sri Damansara, 52200 Kuala Lumpur, Malaysia",Restaurant,,Restaurant,1.3917E+19,Kuala Lumpur,MY,FALSE,,3.1950487,101.6077681,,"Lot PT21552 & PT21553, Mukim, Persiaran Perdana",FALSE,+60 3-6274 1559,ChIJPQDdEflFzDERvVb61cMcI8E,"5JW5+24 Kuala Lumpur, Federal Territory of Kuala Lumpur, Malaysia",52200,$$,35,3088,1363,999,167,451,108,2022-04-22T06:18:08.394Z,"https://www.google.com/maps/search/McDonald's+in+kl/@3.1409351,101.6235505,12z?hl=en",,Selangor,"Lot PT21552 & PT21553, Mukim, Persiaran Perdana",,FALSE,McDonald's Bandar Sri Damansara DT,4.1,"https://www.google.com/maps/place/McDonald's+Bandar+Sri+Damansara+DT/@3.1950487,101.6055794,17z/data=!3m1!4b1!4m5!3m4!1s0x31cc45f911dd003d:0xc1231cc3d5fa56bd!8m2!3d3.1950357!4d101.6077824?hl=en",https://www.mcdonalds.com.my/
"Lot GF32 & FF31, Waterfront ParkCity, Persiaran Residen, Desa Parkcity, 52200 Kuala Lumpur, Malaysia",Restaurant,,Restaurant,1.64348E+18,Kuala Lumpur,MY,FALSE,The Waterfront @ ParkCity,3.1875517,101.6272556,,"Lot GF32 & FF31, Waterfront ParkCity, Persiaran Residen",FALSE,+60 3-6261 0971,ChIJh3sVwNFJzDERRtkSd_bLzhY,"5JQG+2W Kuala Lumpur, Federal Territory of Kuala Lumpur, Malaysia",52200,$$,34,1272,532,300,177,190,73,2022-04-22T06:18:16.341Z,"https://www.google.com/maps/search/McDonald's+in+kl/@3.1409351,101.6235505,12z?hl=en",,Federal Territory of Kuala Lumpur,"Lot GF32 & FF31, Waterfront ParkCity, Persiaran Residen",,FALSE,McDonald's Desa ParkCity DT,3.7,"https://www.google.com/maps/place/McDonald's+Desa+ParkCity+DT/@3.1875517,101.6250669,17z/data=!3m1!4b1!4m5!3m4!1s0x31cc49d1c0157b87:0x16cecbf67712d946!8m2!3d3.1875517!4d101.6272556?hl=en",https://www.mcdonalds.com.my/
"5 Lebuh Bandar Utama, Jalan PJU 6/2, Bandar Utama, 47800 Petaling Jaya, Selangor, Malaysia",Fast food restaurant,Restaurant,Fast food restaurant,1.43864E+19,Petaling Jaya,MY,FALSE,,3.137376,101.609523,,"5 Lebuh Bandar Utama, Jalan PJU 6/2",FALSE,+60 3-7726 5099,ChIJq6qqA8xOzDER6-oUVyHKpsc,"4JP5+XR Petaling Jaya, Selangor, Malaysia",47800,$$,49,2242,966,741,113,334,88,2022-04-22T06:18:23.803Z,"https://www.google.com/maps/search/McDonald's+in+kl/@3.1409351,101.6235505,12z/data=!3m1!4b1?hl=en",,Selangor,"5 Lebuh Bandar Utama, Jalan PJU 6/2",,FALSE,McDonald's Bandar Utama DT,4.1,"https://www.google.com/maps/place/McDonald's+Bandar+Utama+DT/@3.137376,101.6073343,17z/data=!3m1!4b1!4m5!3m4!1s0x31cc4ecc03aaaaab:0xc7a6ca215714eaeb!8m2!3d3.1374342!4d101.6095689?hl=en",https://www.mcdonalds.com.my/
"D/A Petronas Servis Stesen, Jalan Kolam Ayer Lama, Lot 36904 (PT 27423, Taman Dato Ahmad Razali, 68000 Ampang Jaya, Selangor, Malaysia",Restaurant,,Restaurant,1.58054E+19,Ampang Jaya,MY,FALSE,PETRONAS - Ampang Jaya,3.1600137,101.7541539,,"D/A Petronas Servis Stesen, Jalan Kolam Ayer Lama, Lot 36904 (PT 27423",FALSE,+60 3-4265 1703,ChIJvYEL2wc3zDER1HYW_K0cWNs,"5Q63+2M Ampang Jaya, Selangor, Malaysia",68000,$$,48,1369,637,436,63,185,48,2022-04-22T06:18:31.573Z,"https://www.google.com/maps/search/McDonald's+in+kl/@3.1409351,101.6235505,12z/data=!3m1!4b1?hl=en",,Selangor,"D/A Petronas Servis Stesen, Jalan Kolam Ayer Lama, Lot 36904 (PT 27423",,FALSE,McDonald's Petronas Ampang DT,4.1,"https://www.google.com/maps/place/McDonald's+Petronas+Ampang+DT/@3.1600137,101.7519652,17z/data=!3m1!4b1!4m5!3m4!1s0x31cc3707db0b81bd:0xdb581cadfc1676d4!8m2!3d3.1600079!4d101.7541867?hl=en",https://www.mcdonalds.com.my/
"1, Jalan SG 1/6, Taman Sri Gombak, 68100 Batu Caves, Selangor, Malaysia",Restaurant,Fast food restaurant,Restaurant,1.47125E+19,Batu Caves,MY,FALSE,,3.2376612,101.6991922,,"1, Jalan SG 1/6",FALSE,+60 3-6188 9587,ChIJTw4rs4FHzDERZDv6E3MrLcw,"6MQX+3M Batu Caves, Selangor, Malaysia",68100,$$,47,1406,567,362,149,256,72,2022-04-22T06:18:40.014Z,"https://www.google.com/maps/search/McDonald's+in+kl/@3.1409351,101.6235505,12z/data=!3m1!4b1?hl=en",,Selangor,"1, Jalan SG 1/6",,FALSE,McDonald's Sri Gombak,3.8,"https://www.google.com/maps/place/McDonald's+Sri+Gombak/@3.2376612,101.6970035,17z/data=!3m1!4b1!4m5!3m4!1s0x31cc4781b32b0e4f:0xcc2d2b7313fa3b64!8m2!3d3.2376612!4d101.6991922?hl=en",https://www.mcdonalds.com.my/
"Lot 517, 276 & 277, Batu 7 Lebuhraya Lingkaran Tengah 2, MRR2, Mukim, 53300, Selangor, Malaysia",Restaurant,,Restaurant,1.8104E+19,Ampang Jaya,MY,FALSE,Shell,3.2023798,101.7603998,,"Lot 517, 276 & 277, Batu 7 Lebuhraya Lingkaran Tengah 2, MRR2, Mukim",FALSE,+60 3-4161 7604,ChIJLTsfUc45zDERjU1GFUM1Pvs,"6Q26+X5 Ampang Jaya, Selangor, Malaysia",53300,$$,46,2238,991,664,155,348,80,2022-04-22T06:18:49.021Z,"https://www.google.com/maps/search/McDonald's+in+kl/@3.1409351,101.6235505,12z/data=!3m1!4b1?hl=en",,Selangor,"Lot 517, 276 & 277, Batu 7 Lebuhraya Lingkaran Tengah 2, MRR2, Mukim",,FALSE,McDonald's Ulu Kelang,4,"https://www.google.com/maps/place/McDonald's+Ulu+Kelang/@3.2023798,101.7582111,17z/data=!3m1!4b1!4m5!3m4!1s0x31cc39ce511f3b2d:0xfb3e354315464d8d!8m2!3d3.2023919!4d101.76039?hl=en",https://www.mcdonalds.com.my/
"No. 1 & 2, Jalan 54, Desa Jaya, Kepong, 52100, Selangor, Malaysia",Restaurant,,Restaurant,1.49382E+18,Sungai Buloh,MY,FALSE,,3.2135131,101.6327842,,"No. 1 & 2, Jalan 54, Desa Jaya",FALSE,+60 3-6261 4381,ChIJ9YjugWxGzDERD3MerlAbuxQ,"6J7M+C4 Kepong, Kuala Lumpur, Federal Territory of Kuala Lumpur, Malaysia",52100,$$,45,1784,608,408,237,393,138,2022-04-22T06:18:57.526Z,"https://www.google.com/maps/search/McDonald's+in+kl/@3.1409351,101.6235505,12z/data=!3m1!4b1?hl=en",,Selangor,"No. 1 & 2, Jalan 54, Desa Jaya",,FALSE,McDonald's Kepong,3.6,"https://www.google.com/maps/place/McDonald's+Kepong/@3.2135131,101.6305955,17z/data=!3m1!4b1!4m5!3m4!1s0x31cc466c81ee88f5:0x14bb1b50ae1e730f!8m2!3d3.2135131!4d101.6327842?hl=en",https://www.mcdonalds.com.my/
"Lot PT, 2536, Jln Lingkaran Tengah 2, Ampang Hilir, 55000 Kuala Lumpur, Federal Territory of Kuala Lumpur, Malaysia",Fast food restaurant,,Fast food restaurant,6.52706E+18,Kuala Lumpur,MY,FALSE,,3.1520012,101.7452457,,"Lot PT, 2536, Jln Lingkaran Tengah 2",FALSE,,ChIJkXYP0kA3zDERleVEvbrElFo,"5P2W+R3 Kuala Lumpur, Federal Territory of Kuala Lumpur, Malaysia",55000,$$,33,19,9,0,9,1,0,2022-04-22T06:19:08.400Z,"https://www.google.com/maps/search/McDonald's+in+kl/@3.1409351,101.6235505,12z?hl=en",,Federal Territory of Kuala Lumpur,"Lot PT, 2536, Jln Lingkaran Tengah 2",,FALSE,McDonald’s Shell Tasik Ampang DT,3,"https://www.google.com/maps/place/McDonald%E2%80%99s+Shell+Tasik+Ampang+DT/@3.1520012,101.743057,17z/data=!3m1!4b1!4m5!3m4!1s0x31cc3740d20f7691:0x5a94c4babd44e595!8m2!3d3.1520012!4d101.7452457?hl=en",http://www.mcdonalds.com.my/
"Lot PT 1, Batu 6 1/2, Jln Kepong, Kawasan Perusahaan Kepong, 52000 Kuala Lumpur, Federal Territory of Kuala Lumpur, Malaysia",Fast food restaurant,,Fast food restaurant,1.254E+19,Kuala Lumpur,MY,FALSE,BHPetrol Jalan Kepong,3.2080987,101.6535065,,"Lot PT 1, Batu 6 1/2, Jln Kepong",FALSE,+60 3-6250 0090,ChIJPcBouEdHzDERw_uWRk7kBq4,"6M53+6C Kuala Lumpur, Federal Territory of Kuala Lumpur, Malaysia",52000,$$,32,734,313,180,88,114,39,2022-04-22T06:19:16.713Z,"https://www.google.com/maps/search/McDonald's+in+kl/@3.1409351,101.6235505,12z?hl=en",,Federal Territory of Kuala Lumpur,"Lot PT 1, Batu 6 1/2, Jln Kepong",,FALSE,McDonald's BHP Jalan Kepong,3.8,"https://www.google.com/maps/place/McDonald's+BHP+Jalan+Kepong/@3.2080987,101.6513178,17z/data=!3m1!4b1!4m5!3m4!1s0x31cc4747b868c03d:0xae06e44e4696fbc3!8m2!3d3.2081821!4d101.6534908?hl=en",https://www.mcdonalds.com.my/
"5 1/4, M01 & M02, Kompleks Idaman, No. 40-50, Jalan 2/21D, Medan Idaman, Batu, Jalan Gombak, 53000 Kuala Lumpur, Malaysia",Restaurant,,Restaurant,4.44134E+18,Kuala Lumpur,MY,FALSE,Kompleks Idaman,3.2127273,101.7115652,,"5 1/4, M01 & M02, Kompleks Idaman, No. 40-50, Jalan 2/21D, Medan Idaman, Batu, Jalan Gombak",FALSE,+60 3-4031 6251,ChIJFaXRiXQ4zDERActOgrTLoj0,"6P76+3J Kuala Lumpur, Federal Territory of Kuala Lumpur, Malaysia",53000,$$,44,491,189,122,59,96,25,2022-04-22T06:19:24.504Z,"https://www.google.com/maps/search/McDonald's+in+kl/@3.1409351,101.6235505,12z/data=!3m1!4b1?hl=en",,Federal Territory of Kuala Lumpur,"5 1/4, M01 & M02, Kompleks Idaman, No. 40-50, Jalan 2/21D, Medan Idaman, Batu, Jalan Gombak",,FALSE,McDonald's Gombak,3.7,"https://www.google.com/maps/place/McDonald's+Gombak/@3.2127273,101.7093765,17z/data=!3m1!4b1!4m5!3m4!1s0x31cc387489d1a515:0x3da2cbb4824ecb01!8m2!3d3.2127377!4d101.7115454?hl=en",https://www.mcdonalds.com.my/
"Lot No. B1-03 & B1-E-03, MyTOWN Shopping Centre, 6, Jalan Cochrane, Section 90, 55100 Kuala Lumpur, Malaysia",Restaurant,,Restaurant,2.30562E+18,Kuala Lumpur,MY,FALSE,MyTOWN Shopping Centre,3.1341707,101.7228674,,"Lot No. B1-03 & B1-E-03, MyTOWN Shopping Centre, 6, Jalan Cochrane",FALSE,+60 3-2732 2566,ChIJWXPoKzw2zDERRMsPw7gy_x8,"4PMF+M4 Kuala Lumpur, Federal Territory of Kuala Lumpur, Malaysia",55100,$$,43,253,105,61,49,29,9,2022-04-22T06:19:33.261Z,"https://www.google.com/maps/search/McDonald's+in+kl/@3.1409351,101.6235505,12z/data=!3m1!4b1?hl=en",,Federal Territory of Kuala Lumpur,"Lot No. B1-03 & B1-E-03, MyTOWN Shopping Centre, 6, Jalan Cochrane",,FALSE,McDonald's MyTOWN Mall,3.7,"https://www.google.com/maps/place/McDonald's+MyTOWN+Mall/@3.1341707,101.7206787,17z/data=!3m1!4b1!4m5!3m4!1s0x31cc363c2be87359:0x1fff32b8c30fcb44!8m2!3d3.1341707!4d101.7228674?hl=en",https://www.mcdonalds.com.my/
"Lot PT 7430, HSD 111856, KM 5, 5, Jln Cheras, 56000 Cheras, Federal Territory of Kuala Lumpur, Malaysia",Fast food restaurant,,Fast food restaurant,2.16807E+18,Cheras,MY,FALSE,Shell,3.1047118,101.7328821,,"Lot PT 7430, HSD 111856, KM 5, 5, Jln Cheras",FALSE,+60 3-9133 1724,ChIJOwoKM-Y1zDERWrTC3BeFFh4,"4P3M+V5 Kuala Lumpur, Federal Territory of Kuala Lumpur, Malaysia",56000,$$,31,3064,1309,899,227,485,144,2022-04-22T06:19:40.120Z,"https://www.google.com/maps/search/McDonald's+in+kl/@3.1409351,101.6235505,12z?hl=en",,Federal Territory of Kuala Lumpur,"Lot PT 7430, HSD 111856, KM 5, 5, Jln Cheras",,FALSE,McDonald's Shell Jalan Cheras DT,4,"https://www.google.com/maps/place/McDonald's+Shell+Jalan+Cheras+DT/@3.1047118,101.7306934,17z/data=!3m1!4b1!4m5!3m4!1s0x31cc35e6330a0a3b:0x1e168517dcc2b45a!8m2!3d3.1047067!4d101.7328774?hl=en",https://www.mcdonalds.com.my/
"Lot 5946, Jalan Lingkaran Tengah II, off, Karak Expy, 53300, Selangor, Malaysia",Fast food restaurant,,Fast food restaurant,8.0661E+18,,MY,FALSE,Shell,3.2410402,101.7161655,,"Lot 5946, Jalan Lingkaran Tengah II, off, Karak Expy",FALSE,+60 3-6187 6904,ChIJc0VM55o4zDERLcJL_uSM8G8,"6PR8+CF Batu 7 Gombak, Selangor, Malaysia",53300,$$,42,2344,934,718,115,469,108,2022-04-22T06:19:47.619Z,"https://www.google.com/maps/search/McDonald's+in+kl/@3.1409351,101.6235505,12z/data=!3m1!4b1?hl=en",,Selangor,"Lot 5946, Jalan Lingkaran Tengah II, off, Karak Expy",,FALSE,McDonald's Shell Karak,4,"https://www.google.com/maps/place/McDonald's+Shell+Karak/@3.2410402,101.7139768,17z/data=!3m1!4b1!4m5!3m4!1s0x31cc389ae74c4573:0x6ff08ce4fe4bc22d!8m2!3d3.2409623!4d101.7161618?hl=en",https://www.mcdonalds.com.my/
"PT 8938, Jalan Sentul/Batu Caves, Mukim Setapak, Sentul, 51100 Kuala Lumpur, Malaysia",Restaurant,,Restaurant,1.65783E+18,Kuala Lumpur,MY,FALSE,Shell,3.2062302,101.6890066,,"PT 8938, Jalan Sentul/Batu Caves, Mukim Setapak",FALSE,+60 16-212 7692,ChIJkdp0XdRHzDERMMy_ZE7MARc,"6M4Q+FJ Kuala Lumpur, Federal Territory of Kuala Lumpur, Malaysia",51100,$$,30,353,200,77,31,35,10,2022-04-22T06:19:54.925Z,"https://www.google.com/maps/search/McDonald's+in+kl/@3.1409351,101.6235505,12z?hl=en",,Federal Territory of Kuala Lumpur,"PT 8938, Jalan Sentul/Batu Caves, Mukim Setapak",,FALSE,McDonald’s @ Shell Jalan Sentul,4.2,"https://www.google.com/maps/place/McDonald%E2%80%99s+@+Shell+Jalan+Sentul/@3.2062302,101.6868179,17z/data=!3m1!4b1!4m5!3m4!1s0x31cc47d45d74da91:0x1701cc4e64bfcc30!8m2!3d3.2062273!4d101.6890351?hl=en",https://www.mcdonalds.com.my/
"Lot G-13, Ground Floor, Alpha Angle Complex, Jalan R1, Wangsa Maju, 53000, Federal Territory of Kuala Lumpur, Malaysia",Restaurant,,Restaurant,1.46733E+19,Kuala Lumpur,MY,FALSE,AEON Mall Alpha Angle,3.2021198,101.7341702,,"Lot G-13, Ground Floor, Alpha Angle Complex, Jalan R1",FALSE,+60 3-4131 1340,ChIJpRr4jTw4zDERxTpNPIIzoss,"6P2M+RM Wangsa Maju, Kuala Lumpur, Federal Territory of Kuala Lumpur, Malaysia",53000,$$,41,136,44,36,34,16,6,2022-04-22T06:20:02.204Z,"https://www.google.com/maps/search/McDonald's+in+kl/@3.1409351,101.6235505,12z/data=!3m1!4b1?hl=en",,Federal Territory of Kuala Lumpur,"Lot G-13, Ground Floor, Alpha Angle Complex, Jalan R1",,FALSE,McDonald's Alpha Angle,3.4,"https://www.google.com/maps/place/McDonald's+Alpha+Angle/@3.2021198,101.7319815,17z/data=!3m1!4b1!4m5!3m4!1s0x31cc383c8df81aa5:0xcba233823c4d3ac5!8m2!3d3.2021198!4d101.7341702?hl=en",https://www.mcdonalds.com.my/
"8KM, Kuala Lumpur-Seremban Expy, 57000 Seri Kembangan, Federal Territory of Kuala Lumpur, Malaysia             8KM, Lebuhraya Kuala Lumpur - Seremban, 57000 Seri Kembangan, Wilayah Persekutuan Kuala Lumpur",Restaurant,Fast food restaurant,Restaurant,4.48474E+18,Seri Kembangan,MY,FALSE,Petron Sg Besi Toll Southbound,3.047043,101.7057989,,"8KM, Kuala Lumpur-Seremban Expy",FALSE,+60 3-8942 3932,ChIJX69CPMNLzDERYIi7WB4CPT4,"2PW4+R8 Seri Kembangan, Selangor, Malaysia",57000,$$,29,2840,1115,833,204,540,148,2022-04-22T06:20:09.748Z,"https://www.google.com/maps/search/McDonald's+in+kl/@3.1409351,101.6235505,12z?hl=en",,Federal Territory of Kuala Lumpur,"8KM, Kuala Lumpur-Seremban Expy",,FALSE,McDonald's Petron Seremban-KL Highway DT,3.9,"https://www.google.com/maps/place/McDonald's+Petron+Seremban-KL+Highway+DT/@3.047043,101.7036102,17z/data=!3m1!4b1!4m5!3m4!1s0x31cc4bc33c42af5f:0x3e3d021e58bb8860!8m2!3d3.047043!4d101.7057989?hl=en",https://www.mcdonalds.com.my/
"Lot No. G-08, Ground Floor, Pearl Point Shopping Complex, 5th Mile, Old Klang Road, 58000, Federal Territory of Kuala Lumpur, Malaysia",Restaurant,,Restaurant,1.98564E+18,Kuala Lumpur,MY,FALSE,Floor G · Pearl Point Shopping Mall,3.085057,101.673586,,"Lot No. G-08, Ground Floor, Pearl Point Shopping Complex, 5th Mile, Old Klang Road, 58000",FALSE,+60 3-7971 0196,ChIJGTYWA_pLzDERNYGV44Zqjhs,"3MPF+2C Kuala Lumpur, Federal Territory of Kuala Lumpur, Malaysia",,$$,28,339,143,75,60,45,16,2022-04-22T06:20:17.422Z,"https://www.google.com/maps/search/McDonald's+in+kl/@3.1409351,101.6235505,12z?hl=en",,Federal Territory of Kuala Lumpur,"Lot No. G-08, Ground Floor, Pearl Point Shopping Complex, 5th Mile, Old Klang Road, 58000",,FALSE,McDonald's Pearl Point DT,3.7,"https://www.google.com/maps/place/McDonald's+Pearl+Point+DT/@3.085057,101.6713973,17z/data=!3m1!4b1!4m5!3m4!1s0x31cc4bfa03163619:0x1b8e6a86e3958135!8m2!3d3.085057!4d101.673586?hl=en",https://www.mcdonalds.com.my/
"Lot PT 10098, Jalan Sentul Pasar, Mukim Setapak Dalam, 51000 Kuala Lumpur, Malaysia",Restaurant,,Restaurant,9.7071E+18,Kuala Lumpur,MY,FALSE,,3.2020383,101.6900092,,"Lot PT 10098, Jalan Sentul Pasar",FALSE,+60 3-2702 9214,ChIJ5Ta25lZHzDEReifGKOGNtoY,"6M2R+R2 Kuala Lumpur, Federal Territory of Kuala Lumpur, Malaysia",51000,$$,27,194,94,35,39,18,8,2022-04-22T06:20:26.252Z,"https://www.google.com/maps/search/McDonald's+in+kl/@3.1409351,101.6235505,12z?hl=en",,Federal Territory of Kuala Lumpur,"Lot PT 10098, Jalan Sentul Pasar",,FALSE,McDonald's Sentul Point DT,3.7,"https://www.google.com/maps/place/McDonald's+Sentul+Point+DT/@3.2020383,101.6878205,17z/data=!3m1!4b1!4m5!3m4!1s0x31cc4756e6b636e5:0x86b68de128c6277a!8m2!3d3.2020268!4d101.6899704?hl=en",https://www.mcdonalds.com.my/
"Lot 1, Level 1, BUSANA, Menara MARA, 232, Jalan Tuanku Abdul Rahman, 50100 Kuala Lumpur, Malaysia",Restaurant,,Restaurant,1.35482E+19,Kuala Lumpur,MY,FALSE,Floor 1 · MARA Digital Kuala Lumpur,3.1579504,101.695637,,"Lot 1, Level 1, BUSANA, Menara MARA, 232, Jalan Tuanku Abdul Rahman",FALSE,+60 3-2202 8034,ChIJwSW8lotJzDERM6CEocD3BLw,"5M5W+57 Kuala Lumpur, Federal Territory of Kuala Lumpur, Malaysia",50100,$$,26,379,186,103,25,54,11,2022-04-22T06:20:34.938Z,"https://www.google.com/maps/search/McDonald's+in+kl/@3.1409351,101.6235505,12z?hl=en",,Federal Territory of Kuala Lumpur,"Lot 1, Level 1, BUSANA, Menara MARA, 232, Jalan Tuanku Abdul Rahman",,FALSE,McDonald's M2 Mall,4.1,"https://www.google.com/maps/place/McDonald's+M2+Mall/@3.1579504,101.6934483,17z/data=!3m1!4b1!4m5!3m4!1s0x31cc498b96bc25c1:0xbc04f7c0a184a033!8m2!3d3.1579504!4d101.695637?hl=en",https://www.mcdonalds.com.my/
"No. 1, Block D, Plaza Mont Kiara, Jalan Bukit Kiara, Malaysia, 50480 Kuala Lumpur, Federal Territory of Kuala Lumpur, Malaysia",Restaurant,Fast food restaurant,Restaurant,1.56574E+19,Kuala Lumpur,MY,FALSE,Plaza Mont Kiara,3.1657202,101.6522016,,"No. 1, Block D, Plaza Mont Kiara, Jalan Bukit Kiara",FALSE,+60 3-6203 3759,ChIJJbF5eNFJzDERb5p3lVxVStk,"5M82+7V Kuala Lumpur, Federal Territory of Kuala Lumpur, Malaysia",50480,$$,25,1209,508,323,144,174,60,2022-04-22T06:20:44.016Z,"https://www.google.com/maps/search/McDonald's+in+kl/@3.1409351,101.6235505,12z?hl=en",,Federal Territory of Kuala Lumpur,"No. 1, Block D, Plaza Mont Kiara, Jalan Bukit Kiara",,FALSE,McDonald's Mont Kiara,3.8,"https://www.google.com/maps/place/McDonald's+Mont+Kiara/@3.1657202,101.6500129,17z/data=!3m1!4b1!4m5!3m4!1s0x31cc49d17879b125:0xd94a555c95779a6f!8m2!3d3.1657202!4d101.6522016?hl=en",http://www.mcdonalds.com.my/
"No 63 & 63, 1, Jalan Radin Tengah, Bandar Baru Sri Petaling, 57000 Kuala Lumpur, Federal Territory of Kuala Lumpur, Malaysia",Fast food restaurant,Restaurant,Fast food restaurant,1.50859E+19,Kuala Lumpur,MY,FALSE,,3.0688147,101.691739,,"No 63 & 63, 1, Jalan Radin Tengah",FALSE,+60 3-9054 5927,ChIJ62KlO4lKzDER3-M5ZlDYW9E,"3M9R+GM Kuala Lumpur, Federal Territory of Kuala Lumpur, Malaysia",57000,$$,24,1995,800,528,202,373,92,2022-04-22T06:20:51.417Z,"https://www.google.com/maps/search/McDonald's+in+kl/@3.1409351,101.6235505,12z?hl=en",,Federal Territory of Kuala Lumpur,"No 63 & 63, 1, Jalan Radin Tengah",,FALSE,McDonald's Sri Petaling,3.8,"https://www.google.com/maps/place/McDonald's+Sri+Petaling/@3.0688147,101.6895503,17z/data=!3m1!4b1!4m5!3m4!1s0x31cc4a893ba562eb:0xd15bd8506639e3df!8m2!3d3.0688147!4d101.691739?hl=en",http://www.mcdonalds.com.my/
"No. 2, 2A & B, Jalan Tun Mohd Fuad 2, Taman Tun Dr Ismail, 60000 Kuala Lumpur, Malaysia",Restaurant,,Restaurant,6.71209E+18,Kuala Lumpur,MY,FALSE,,3.1404965,101.6292082,,"No. 2, 2A & B, Jalan Tun Mohd Fuad 2",FALSE,+60 3-7722 1767,ChIJ13t89zpJzDERbnrjmNYhJl0,"4JRH+5M Kuala Lumpur, Federal Territory of Kuala Lumpur, Malaysia",60000,$$,23,1852,782,563,83,343,81,2022-04-22T06:20:59.128Z,"https://www.google.com/maps/search/McDonald's+in+kl/@3.1409351,101.6235505,12z?hl=en",,Federal Territory of Kuala Lumpur,"No. 2, 2A & B, Jalan Tun Mohd Fuad 2",,FALSE,McDonald's TTDI (Taman Tun Dr Ismail),4,"https://www.google.com/maps/place/McDonald's+TTDI+(Taman+Tun+Dr+Ismail)/@3.1404965,101.6270195,17z/data=!3m1!4b1!4m5!3m4!1s0x31cc493af77c7bd7:0x5d2621d698e37a6e!8m2!3d3.1405194!4d101.6292002?hl=en",https://www.mcdonalds.com.my/
"Part of Lot 201138, Jalan Langkawi, Mukim, Danau Kota, 53300 Kuala Lumpur, Malaysia",Restaurant,,Restaurant,1.44981E+19,Kuala Lumpur,MY,FALSE,,3.2060279,101.7169048,,"Part of Lot 201138, Jalan Langkawi, Mukim",FALSE,+60 3-4131 0897,ChIJDZiIYJI5zDERkg5kg-ePM8k,"6P48+CQ Kuala Lumpur, Federal Territory of Kuala Lumpur, Malaysia",53300,$$,22,2595,1125,661,282,379,148,2022-04-22T06:21:06.730Z,"https://www.google.com/maps/search/McDonald's+in+kl/@3.1409351,101.6235505,12z?hl=en",,Federal Territory of Kuala Lumpur,"Part of Lot 201138, Jalan Langkawi, Mukim",,FALSE,McDonald's Danau Kota DT,3.9,"https://www.google.com/maps/place/McDonald's+Danau+Kota+DT/@3.2060279,101.7147161,17z/data=!3m1!4b1!4m5!3m4!1s0x31cc39926088980d:0xc9338fe783640e92!8m2!3d3.2060459!4d101.7169308?hl=en",https://www.mcdonalds.com.my/
"1/116B, off, Jalan Kuchai Lama, Kuchai Entrepreneurs Park, 58200 Kuala Lumpur, Malaysia",Fast food restaurant,Restaurant,Fast food restaurant,6.33598E+18,Kuala Lumpur,MY,FALSE,,3.0872023,101.6901265,,"1/116B, off, Jalan Kuchai Lama",FALSE,+60 3-7982 2180,ChIJOajv5d1LzDERet_eZdXn7Vc,"3MPR+V3 Kuala Lumpur, Federal Territory of Kuala Lumpur, Malaysia",58200,$$,21,2192,834,604,254,388,112,2022-04-22T06:21:15.413Z,"https://www.google.com/maps/search/McDonald's+in+kl/@3.1409351,101.6235505,12z?hl=en",,Federal Territory of Kuala Lumpur,"1/116B, off, Jalan Kuchai Lama",,FALSE,McDonald's Kuchai Lama DT,3.8,"https://www.google.com/maps/place/McDonald's+Kuchai+Lama+DT/@3.0872023,101.6879378,17z/data=!3m1!4b1!4m5!3m4!1s0x31cc4bdde5efa839:0x57ede7d565dedf7a!8m2!3d3.0872023!4d101.6901265?hl=en",https://www.mcdonalds.com.my/
"Lot G-W-1, Ground Floor, West Wing, Rohas Pure Circle, 9, Jalan P. Ramlee, 50450 Kuala Lumpur, Malaysia",Restaurant,,Restaurant,1.12719E+19,Kuala Lumpur,MY,FALSE,,3.1546658,101.7084895,,"Lot G-W-1, Ground Floor, West Wing, Rohas Pure Circle, 9, Jalan P. Ramlee",FALSE,+60 3-2181 5851,ChIJmesAhjE3zDERy39f7yHFbZw,"5P35+V9 Kuala Lumpur, Federal Territory of Kuala Lumpur, Malaysia",50450,$$,19,349,184,91,28,39,7,2022-04-22T06:21:23.415Z,"https://www.google.com/maps/search/McDonald's+in+kl/@3.1409398,101.6235506,12z?hl=en",,Federal Territory of Kuala Lumpur,"Lot G-W-1, Ground Floor, West Wing, Rohas Pure Circle, 9, Jalan P. Ramlee",,FALSE,McDonald's Jalan P. Ramlee,4.1,"https://www.google.com/maps/place/McDonald's+Jalan+P.+Ramlee/@3.1546658,101.7063008,17z/data=!3m1!4b1!4m5!3m4!1s0x31cc37318600eb99:0x9c6dc521ef5f7fcb!8m2!3d3.1546658!4d101.7084895?hl=en",https://www.mcdonalds.com.my/
"Suria Klcc, Shopping Centre, Lot C35 - 38, Concourse Floor, Jln Ampang, 50088 Kuala Lumpur, Malaysia",Restaurant,,Restaurant,1.63158E+19,Kuala Lumpur,MY,FALSE,Suria KLCC,3.1568208,101.7112868,,"Suria Klcc, Shopping Centre, Lot C35 - 38, Concourse Floor, Jln Ampang",FALSE,+60 3-2715 1512,ChIJeRnDu9Y3zDERf5kikYxsbeI,"5P46+PG Kuala Lumpur, Federal Territory of Kuala Lumpur, Malaysia",50088,$$,18,560,277,170,21,75,17,2022-04-22T06:21:30.929Z,"https://www.google.com/maps/search/McDonald's+in+kl/@3.1409398,101.6235506,12z?hl=en",,Federal Territory of Kuala Lumpur,"Suria Klcc, Shopping Centre, Lot C35 - 38, Concourse Floor, Jln Ampang",,FALSE,McDonald's Suria KLCC,4.2,"https://www.google.com/maps/place/McDonald's+Suria+KLCC/@3.1568208,101.7090981,17z/data=!3m1!4b1!4m5!3m4!1s0x31cc37d6bbc31979:0xe26d6c8c9122997f!8m2!3d3.1568208!4d101.7112868?hl=en",https://www.mcdonalds.com.my/
"Lot 16794 & 16795, Jalan 37/56, Setiawangsa, 54200 Kuala Lumpur, Malaysia",Restaurant,,Restaurant,8.90689E+18,Kuala Lumpur,MY,FALSE,Petronas Taman Setiawangsa,3.1779301,101.7436366,,"Lot 16794 & 16795, Jalan 37/56",FALSE,+60 3-4265 1384,ChIJJe7xU5o3zDERMu36EeWcm3s,"5PHV+5F Kuala Lumpur, Federal Territory of Kuala Lumpur, Malaysia",54200,$$,17,712,301,178,92,105,36,2022-04-22T06:21:38.524Z,"https://www.google.com/maps/search/McDonald's+in+kl/@3.1409398,101.6235506,12z?hl=en",,Federal Territory of Kuala Lumpur,"Lot 16794 & 16795, Jalan 37/56",,FALSE,McDonald's Setiawangsa DT,3.8,"https://www.google.com/maps/place/McDonald's+Setiawangsa+DT/@3.1779301,101.7414479,17z/data=!3m1!4b1!4m5!3m4!1s0x31cc379a53f1ee25:0x7b9b9ce511faed32!8m2!3d3.1779295!4d101.7436671?hl=en",https://www.mcdonalds.com.my/
"Lot 2 & 2-1, Jalan 1/76d, Desa Pandan, 55100 Kuala Lumpur, Wilayah Persekutuan Kuala Lumpur, Malaysia",Fast food restaurant,Restaurant,Fast food restaurant,6.16094E+17,Kuala Lumpur,MY,FALSE,,3.1471054,101.7368612,,"Lot 2 & 2-1, Jalan 1/76d",FALSE,+60 3-9285 2636,ChIJCe_5Pkw2zDERDcLU7e7NjAg,"4PWP+RP Kuala Lumpur, Federal Territory of Kuala Lumpur, Malaysia",55100,$$,16,2080,893,583,136,357,111,2022-04-22T06:21:46.261Z,"https://www.google.com/maps/search/McDonald's+in+kl/@3.1409398,101.6235506,12z?hl=en",,Federal Territory of Kuala Lumpur,"Lot 2 & 2-1, Jalan 1/76d",,FALSE,McDonald's Desa Pandan,4,"https://www.google.com/maps/place/McDonald's+Desa+Pandan/@3.1471054,101.7346725,17z/data=!3m1!4b1!4m5!3m4!1s0x31cc364c3ef9ef09:0x88ccdeeedd4c20d!8m2!3d3.1471054!4d101.7368612?hl=en",https://www.mcdonalds.com.my/
"LG, Sunway Velocity Mall, Jalan Peel, 55100 Kuala Lumpur, Malaysia",Restaurant,,Restaurant,1.31568E+18,Kuala Lumpur,MY,FALSE,Floor 1 · Sunway Velocity Mall,3.1273393,101.7244202,,"LG, Sunway Velocity Mall, Jalan Peel",FALSE,+60 3-2732 0717,ChIJjZ7-GhQ2zDERgA-Bqwo6QhI,"4PGF+WQ Kuala Lumpur, Federal Territory of Kuala Lumpur, Malaysia",55100,$$,15,285,130,77,25,47,6,2022-04-22T06:21:55.220Z,"https://www.google.com/maps/search/McDonald's+in+kl/@3.1409398,101.6235506,12z?hl=en",,Federal Territory of Kuala Lumpur,"LG, Sunway Velocity Mall, Jalan Peel",,FALSE,McDonald's Sunway Velocity Mall,4,"https://www.google.com/maps/place/McDonald's+Sunway+Velocity+Mall/@3.1273393,101.7222315,17z/data=!3m1!4b1!4m5!3m4!1s0x31cc36141afe9e8d:0x12423a0aab810f80!8m2!3d3.1273393!4d101.7244202?hl=en",https://www.mcdonalds.com.my/
"Tingkat 3, Mid Valley Megamall, Lingkaran Syed Putra, 59200 Kuala Lumpur, Federal Territory of Kuala Lumpur, Malaysia",Fast food restaurant,Restaurant,Fast food restaurant,1.27829E+19,Kuala Lumpur,MY,FALSE,Mid Valley Megamall,3.1182012,101.6784425,,"Tingkat 3, Mid Valley Megamall, Lingkaran Syed Putra",FALSE,+60 3-2201 0506,ChIJ4Su2jBBJzDERgwoqjtUjZrE,"4M9H+79 Kuala Lumpur, Federal Territory of Kuala Lumpur, Malaysia",59200,$$,14,486,192,134,68,73,19,2022-04-22T06:22:03.079Z,"https://www.google.com/maps/search/McDonald's+in+kl/@3.1409398,101.6235506,12z?hl=en",,Federal Territory of Kuala Lumpur,"Tingkat 3, Mid Valley Megamall, Lingkaran Syed Putra",,FALSE,McDonald's Mid Valley 3,3.8,"https://www.google.com/maps/place/McDonald's+Mid+Valley+3/@3.1182012,101.6762538,17z/data=!3m1!4b1!4m5!3m4!1s0x31cc49108cb62be1:0xb16623d58e2a0a83!8m2!3d3.1182012!4d101.6784425?hl=en",https://www.mcdonalds.com.my/
"Lot 18113, Jalan Cendikiawan, 55100 Mukim, Federal Territory of Kuala Lumpur, Malaysia",Restaurant,,Restaurant,7.36372E+18,Kuala Lumpur,MY,FALSE,,3.0813549,101.7320106,,"Lot 18113, Jalan Cendikiawan, 55100 Mukim",FALSE,+60 3-9101 6190,ChIJbxsJ26I1zDERuLi4-fAzMWY,"3PJJ+GR Kuala Lumpur, Federal Territory of Kuala Lumpur, Malaysia",,$$,13,3626,1594,1035,269,589,139,2022-04-22T06:22:10.172Z,"https://www.google.com/maps/search/McDonald's+in+kl/@3.1409398,101.6235506,12z?hl=en",,Federal Territory of Kuala Lumpur,"Lot 18113, Jalan Cendikiawan, 55100 Mukim",,FALSE,McDonald's Taman Connaught DT,4,"https://www.google.com/maps/place/McDonald's+Taman+Connaught+DT/@3.0813549,101.7298219,17z/data=!3m1!4b1!4m5!3m4!1s0x31cc35a2db091b6f:0x663133f0f9b8b8b8!8m2!3d3.0813543!4d101.7320385?hl=en",http://www.mcdonalds.com.my/
"Plaza OUG, Part of G03 to G06, Ground Floor, Jln Klang Lama, 58000 Kuala Lumpur, Malaysia",Restaurant,,Restaurant,5.23477E+18,Kuala Lumpur,MY,FALSE,Plaza OUG,3.0819669,101.6713343,,"Plaza OUG, Part of G03 to G06, Ground Floor, Jln Klang Lama",FALSE,+60 3-7982 0933,ChIJz6YgI1BKzDERGfCMePynpUg,"3MJC+QG Kuala Lumpur, Federal Territory of Kuala Lumpur, Malaysia",58000,$$,12,440,166,82,75,88,29,2022-04-22T06:22:17.586Z,"https://www.google.com/maps/search/McDonald's+in+kl/@3.1409398,101.6235506,12z?hl=en",,Federal Territory of Kuala Lumpur,"Plaza OUG, Part of G03 to G06, Ground Floor, Jln Klang Lama",,FALSE,McDonald's OUG,3.5,"https://www.google.com/maps/place/McDonald's+OUG/@3.0819669,101.6691456,17z/data=!3m1!4b1!4m5!3m4!1s0x31cc4a502320a6cf:0x48a5a7fc788cf019!8m2!3d3.0819669!4d101.6713343?hl=en",https://www.mcdonalds.com.my/
"Lot No. LG-033 & LG-034, Lower Ground Floor, Jalan Kelang Lama, Malaysia, Kuala Lumpur, 58000 Kuala Lumpur, Federal Territory of Kuala Lumpur, Malaysia",Fast food restaurant,,Fast food restaurant,1.79008E+19,Kuala Lumpur,MY,FALSE,Floor G · Mid Valley Megamall,3.117472,101.677383,,"Lot No. LG-033 & LG-034, Lower Ground Floor, Jalan Kelang Lama, Malaysia",FALSE,+60 3-2284 8870,ChIJz0wkCt9JzDERiAfq4z9SbPg,"4M8G+XX Kuala Lumpur, Federal Territory of Kuala Lumpur, Malaysia",58000,$$,11,12,7,0,4,1,0,2022-04-22T06:22:25.028Z,"https://www.google.com/maps/search/McDonald's+in+kl/@3.1409398,101.6235506,12z?hl=en",,Federal Territory of Kuala Lumpur,"Lot No. LG-033 & LG-034, Lower Ground Floor, Jalan Kelang Lama, Malaysia",,TRUE,McDonald's Mid Valley 1,3.5,"https://www.google.com/maps/place/McDonald's+Mid+Valley+1/@3.117472,101.6751943,17z/data=!3m1!4b1!4m5!3m4!1s0x31cc49df0a244ccf:0xf86c523fe3ea0788!8m2!3d3.117472!4d101.677383?hl=en",http://www.mcdonalds.com.my/
"Lot 8, Section, 85, Jalan Pahang, Setapak, 53000 Kuala Lumpur, Malaysia",Fast food restaurant,Restaurant,Fast food restaurant,5.01998E+18,Kuala Lumpur,MY,FALSE,,3.1795571,101.7004393,,"Lot 8, Section, 85, Jalan Pahang",FALSE,+60 3-4023 2602,ChIJPTtraBtIzDERL1jfWmuOqkU,"5PH2+R5 Kuala Lumpur, Federal Territory of Kuala Lumpur, Malaysia",53000,$$,10,4984,2204,1329,387,815,249,2022-04-22T06:22:33.019Z,"https://www.google.com/maps/search/McDonald's+in+kl/@3.1409398,101.6235506,12z?hl=en",,Federal Territory of Kuala Lumpur,"Lot 8, Section, 85, Jalan Pahang",,FALSE,McDonald's Titiwangsa DT,4,"https://www.google.com/maps/place/McDonald's+Titiwangsa+DT/@3.1795571,101.6982506,17z/data=!3m1!4b1!4m5!3m4!1s0x31cc481b686b3b3d:0x45aa8e6b5adf582f!8m2!3d3.1795539!4d101.7004473?hl=en",http://www.mcdonalds.com.my/
"Wisma Lim Foo Yong, Lot No. 62, Seksyen, 57, Jalan Raja Chulan, 50250 Kuala Lumpur, Malaysia",Restaurant,,Restaurant,1.59768E+19,Kuala Lumpur,MY,FALSE,Selections Groceries - Wisma Lim Foo Yong,3.1504609,101.7092659,,"Wisma Lim Foo Yong, Lot No. 62, Seksyen, 57, Jalan Raja Chulan",FALSE,+60 3-2110 2479,ChIJw3hsWek3zDERto1GZmLWuN0,"5P25+5P Kuala Lumpur, Federal Territory of Kuala Lumpur, Malaysia",50250,$$,9,96,57,22,6,8,3,2022-04-22T06:22:40.711Z,"https://www.google.com/maps/search/McDonald's+in+kl/@3.1409398,101.6235506,12z?hl=en",,Federal Territory of Kuala Lumpur,"Wisma Lim Foo Yong, Lot No. 62, Seksyen, 57, Jalan Raja Chulan",,FALSE,McDonald's Wisma Lim Foo Yong,4.3,"https://www.google.com/maps/place/McDonald's+Wisma+Lim+Foo+Yong/@3.1504609,101.7070772,17z/data=!3m1!4b1!4m5!3m4!1s0x31cc37e9596c78c3:0xddb8d66266468db6!8m2!3d3.1504609!4d101.7092659?hl=en",https://www.mcdonalds.com.my/
"Unit No. L4. 02 & 03, Level 4, 1 Sentral, Jalan Travers, Malaysia, Kuala Lumpur, 50470 Kuala Lumpur, Federal Territory of Kuala Lumpur, Malaysia",Fast food restaurant,,Fast food restaurant,1.46575E+19,Kuala Lumpur,MY,FALSE,,3.133,101.687,,"Unit No. L4. 02 & 03, Level 4, 1 Sentral, Jalan Travers, Malaysia",FALSE,+60 3-2272 2054,ChIJi9E_scFJzDERg8iLY4XCacs,"4MMP+5R Kuala Lumpur, Federal Territory of Kuala Lumpur, Malaysia",50470,$$,8,142,55,40,19,24,4,2022-04-22T06:22:48.315Z,"https://www.google.com/maps/search/McDonald's+in+kl/@3.1409398,101.6235506,12z?hl=en",,Federal Territory of Kuala Lumpur,"Unit No. L4. 02 & 03, Level 4, 1 Sentral, Jalan Travers, Malaysia",,FALSE,McDonald's NU Sentral,3.8,"https://www.google.com/maps/place/McDonald's+NU+Sentral/@3.133,101.6848113,17z/data=!3m1!4b1!4m5!3m4!1s0x31cc49c1b13fd18b:0xcb69c285638bc883!8m2!3d3.133!4d101.687?hl=en",http://www.mcdonalds.com.my/
"S/B, Lot 6, LGF, SOGO Pernas Department Stores, 190, Jalan Tuanku Abdul Rahman, 50100 Kuala Lumpur, Malaysia",Fast food restaurant,Restaurant,Fast food restaurant,1.38408E+19,Kuala Lumpur,MY,FALSE,SOGO Kuala Lumpur,3.1560193,101.6952973,,"S/B, Lot 6, LGF, SOGO Pernas Department Stores, 190, Jalan Tuanku Abdul Rahman",FALSE,+60 3-2202 8063,ChIJaf98ADJIzDERbmaMfDZ8FMA,"5M4W+C4 Kuala Lumpur, Federal Territory of Kuala Lumpur, Malaysia",50100,$$,5,611,287,178,20,109,17,2022-04-22T06:22:56.927Z,"https://www.google.com/maps/search/McDonald's+in+kl/@3.1409398,101.6235506,12z?hl=en",,Federal Territory of Kuala Lumpur,"S/B, Lot 6, LGF, SOGO Pernas Department Stores, 190, Jalan Tuanku Abdul Rahman",,FALSE,McDonald's SOGO,4.1,"https://www.google.com/maps/place/McDonald's+SOGO/@3.1560193,101.6931086,17z/data=!3m1!4b1!4m5!3m4!1s0x31cc4832007cff69:0xc0147c367c8c666e!8m2!3d3.1560193!4d101.6952973?hl=en",https://www.mcdonalds.com.my/
"Lot 05-93, 93A, 1, Jalan Imbi, Imbi, 55100 Kuala Lumpur, Federal Territory of Kuala Lumpur, Malaysia",Fast food restaurant,Restaurant,Fast food restaurant,6.2725E+18,Kuala Lumpur,MY,FALSE,Berjaya Times Square KL Shopping Mall,3.1420818,101.7110315,,"Lot 05-93, 93A, 1, Jalan Imbi",FALSE,+60 3-2110 0154,ChIJO-bjmSg2zDERQTM3DHtjDFc,"4PR6+RC Kuala Lumpur, Federal Territory of Kuala Lumpur, Malaysia",55100,$$,4,1087,508,269,90,170,50,2022-04-22T06:23:03.835Z,"https://www.google.com/maps/search/McDonald's+in+kl/@3.1409398,101.6235506,12z?hl=en",,Federal Territory of Kuala Lumpur,"Lot 05-93, 93A, 1, Jalan Imbi",,FALSE,McDonald's Berjaya Times Square,4,"https://www.google.com/maps/place/McDonald's+Berjaya+Times+Square/@3.1420818,101.7088428,17z/data=!3m1!4b1!4m5!3m4!1s0x31cc362899e3e63b:0x570c637b0c373341!8m2!3d3.1420818!4d101.7110315?hl=en",https://www.mcdonalds.com.my/
"Lot No. G17, G17A & G17B, Ground Floor, Intermark Mall, 348, Jln Tun Razak, 50400 Kuala Lumpur, Malaysia",Restaurant,,Restaurant,1.07703E+19,Kuala Lumpur,MY,FALSE,Intermark Mall,3.161203,101.7199958,,"Lot No. G17, G17A & G17B, Ground Floor, Intermark Mall, 348, Jln Tun Razak",FALSE,+60 3-2715 5667,ChIJQa_jY8U3zDERTWQ51XDld5U,"5P69+FX Kuala Lumpur, Federal Territory of Kuala Lumpur, Malaysia",50400,$$,3,1147,569,360,64,115,39,2022-04-22T06:23:11.408Z,"https://www.google.com/maps/search/McDonald's+in+kl/@3.1409398,101.6235506,12z?hl=en",,Federal Territory of Kuala Lumpur,"Lot No. G17, G17A & G17B, Ground Floor, Intermark Mall, 348, Jln Tun Razak",,FALSE,McDonald's Intermark Mall,4.2,"https://www.google.com/maps/place/McDonald's+Intermark+Mall/@3.161203,101.7178071,17z/data=!3m1!4b1!4m5!3m4!1s0x31cc37c563e3af41:0x9577e570d539644d!8m2!3d3.161203!4d101.7199958?hl=en",https://www.mcdonalds.com.my/
"Kuala Lumpur Sentral Station, Lot 14, 15, & 16, First Floor, 50470 Kuala Lumpur, Malaysia",Fast food restaurant,Restaurant,Fast food restaurant,1.64467E+19,Kuala Lumpur,MY,FALSE,Floor 1 · KL Sentral - Main Entrance | Grand Lobby,3.134487,101.6865082,,"Kuala Lumpur Sentral Station, Lot 14, 15, & 16, First Floor",FALSE,+60 3-2271 1431,ChIJQbIR-MBJzDERQKLaUll8PuQ,"4MMP+QJ Kuala Lumpur, Federal Territory of Kuala Lumpur, Malaysia",50470,$$,2,543,217,164,54,94,14,2022-04-22T06:23:19.422Z,"https://www.google.com/maps/search/McDonald's+in+kl/@3.1409398,101.6235506,12z?hl=en",,Federal Territory of Kuala Lumpur,"Kuala Lumpur Sentral Station, Lot 14, 15, & 16, First Floor",,FALSE,McDonald's KL Sentral,3.9,"https://www.google.com/maps/place/McDonald's+KL+Sentral/@3.134487,101.6843195,17z/data=!3m1!4b1!4m5!3m4!1s0x31cc49c0f811b241:0xe43e7c5952daa240!8m2!3d3.134487!4d101.6865082?hl=en",http://www.mcdonalds.com.my/
"120-120A, Bukit Bintang St, Bukit Bintang, 55100 Kuala Lumpur, Federal Territory of Kuala Lumpur, Malaysia",Fast food restaurant,,Fast food restaurant,1.48854E+19,Kuala Lumpur,MY,FALSE,,3.1468673,101.7108831,,"120-120A, Bukit Bintang St",FALSE,+60 3-2142 7843,ChIJTV7I3Ss2zDER9TNVDfiXk84,"4PW6+P9 Kuala Lumpur, Federal Territory of Kuala Lumpur, Malaysia",55100,$$,1,6881,3528,1805,346,953,249,2022-04-22T06:23:27.233Z,"https://www.google.com/maps/search/McDonald's+in+kl/@3.1409398,101.6235506,12z?hl=en",,Federal Territory of Kuala Lumpur,"120-120A, Bukit Bintang St",,FALSE,McDonald's Bukit Bintang,4.2,"https://www.google.com/maps/place/McDonald's+Bukit+Bintang/@3.1468673,101.7086944,17z/data=!3m1!4b1!4m5!3m4!1s0x31cc362bddc85e4d:0xce9397f80d5533f5!8m2!3d3.1468673!4d101.7108831?hl=en",https://www.mcdonalds.com.my/
